{
  "model": "DualGraphSAGE",
  "best_epoch": 3,
  "best_val_f1": 0.3899992937354333,
  "best_val_precision": 0.24636387971803336,
  "best_val_recall": 0.9352981029810298,
  "test_f1": 0.391201547610518,
  "test_precision": 0.24806905951840072,
  "test_recall": 0.9247967479674797,
  "test_accuracy": 0.8239693391340377,
  "total_epochs": 5,
  "total_time_s": 5.6,
  "dataset_stats": {
    "train_graphs": 2,
    "val_graphs": 1,
    "test_graphs": 1,
    "pos_weight": 15.3516263961792
  }
}